from,to
/actualites/2026/05/25/generer-cle-repartition-optimale-optimce/,/guides/generer-cle-repartition-optimale-optimce/
/actualites/2026/03/05/communautes-energie-en-europe/,/guides/communautes-energie-en-europe/
/en/news/2026/03/05/energy-communities-europe/,/en/guides/energy-communities-europe/
/de/aktuelles/2026/03/05/energiegemeinschaften-europa/,/de/ratgeber/energiegemeinschaften-europa/
/nl/nieuws/2026/03/05/energiegemeenschappen-europa/,/nl/gidsen/energiegemeenschappen-europa/
/actualites/2026/05/11/communautes-energie-belgique/,/guides/communautes-energie-belgique/
/en/news/2026/05/11/energy-communities-belgium/,/en/guides/energy-communities-belgium/
/de/aktuelles/2026/05/11/energiegemeinschaften-belgien/,/de/ratgeber/energiegemeinschaften-belgien/
/nl/nieuws/2026/05/11/energiegemeenschappen-belgie/,/nl/gidsen/energiegemeenschappen-belgie/
/actualites/2026/05/11/creer-communaute-energie-wallonie/,/guides/creer-communaute-energie-wallonie/
/en/news/2026/05/11/create-energy-community-wallonia/,/en/guides/create-energy-community-wallonia/
/de/aktuelles/2026/05/11/energiegemeinschaft-gruenden-wallonien/,/de/ratgeber/energiegemeinschaft-gruenden-wallonien/
/nl/nieuws/2026/05/11/energiegemeenschap-oprichten-wallonie/,/nl/gidsen/energiegemeenschap-oprichten-wallonie/
/actualites/2026/05/11/rejoindre-communaute-energie-wallonie/,/guides/rejoindre-communaute-energie-wallonie/
/en/news/2026/05/11/join-energy-community-wallonia/,/en/guides/join-energy-community-wallonia/
/de/aktuelles/2026/05/11/energiegemeinschaft-beitreten-wallonien/,/de/ratgeber/energiegemeinschaft-beitreten-wallonien/
/nl/nieuws/2026/05/11/energiegemeenschap-aansluiten-wallonie/,/nl/gidsen/energiegemeenschap-aansluiten-wallonie/
/actualites/2026/06/05/autoconsommation-energie-belgique/,/guides/autoconsommation-energie-belgique/
/en/news/2026/06/05/energy-self-consumption-belgium/,/en/guides/energy-self-consumption-belgium/
/de/aktuelles/2026/06/05/eigenverbrauch-energie-belgien/,/de/ratgeber/eigenverbrauch-energie-belgien/
/nl/nieuws/2026/06/05/zelfverbruik-energie-belgie/,/nl/gidsen/zelfverbruik-energie-belgie/
/actualites/2026/06/24/animer-communaute-energie/,/guides/animer-communaute-energie/
/en/news/2026/06/24/engage-energy-community-members/,/en/guides/engage-energy-community-members/
/de/aktuelles/2026/06/24/energiegemeinschaft-mitglieder-einbinden/,/de/ratgeber/energiegemeinschaft-mitglieder-einbinden/
/nl/nieuws/2026/06/24/energiegemeenschap-leden-betrekken/,/nl/gidsen/energiegemeenschap-leden-betrekken/
/actualites/2026/08/12/documents-administratifs-communaute-energie-wallonie/,/guides/documents-administratifs-communaute-energie-wallonie/
/en/news/2026/08/12/energy-community-administrative-documents-wallonia/,/en/guides/energy-community-administrative-documents-wallonia/
/de/aktuelles/2026/08/12/energiegemeinschaft-verwaltungsdokumente-wallonien/,/de/ratgeber/energiegemeinschaft-verwaltungsdokumente-wallonien/
/nl/nieuws/2026/08/12/energiegemeenschap-administratieve-documenten-wallonie/,/nl/gidsen/energiegemeenschap-administratieve-documenten-wallonie/
/actualites/2026/05/19/cle-repartition-communaute-energie-belgique/,/guides/cle-repartition-communaute-energie-belgique/
/en/news/2026/05/19/allocation-key-belgium/,/en/guides/allocation-key-belgium/
/de/aktuelles/2026/05/19/verteilungsschluessel-energiegemeinschaft-belgien/,/de/ratgeber/verteilungsschluessel-energiegemeinschaft-belgien/
/nl/nieuws/2026/05/19/verdeelsleutel-energiegemeenschap-belgie/,/nl/gidsen/verdeelsleutel-energiegemeenschap-belgie/
/actualites/2026/05/26/generer-cle-repartition-optimale-optimce/,/guides/generer-cle-repartition-optimale-optimce/
/en/news/2026/05/26/automatic-allocation-key-generation/,/en/guides/automatic-allocation-key-generation/
/de/aktuelles/2026/05/26/automatische-verteilungsschluessel-generierung/,/de/ratgeber/automatische-verteilungsschluessel-generierung/
/nl/nieuws/2026/05/26/automatische-verdeelsleutel-generatie/,/nl/gidsen/automatische-verdeelsleutel-generatie/
/actualites/2026/06/09/simuler-cle-repartition-optimce/,/guides/simuler-cle-repartition-optimce/
/en/news/2026/06/09/simulate-allocation-key-optimce/,/en/guides/simulate-allocation-key-optimce/
/de/aktuelles/2026/06/09/verteilungsschluessel-simulieren-optimce/,/de/ratgeber/verteilungsschluessel-simulieren-optimce/
/nl/nieuws/2026/06/09/verdeelsleutel-simuleren-optimce/,/nl/gidsen/verdeelsleutel-simuleren-optimce/
/actualites/2026/07/20/prix-electricite-communaute-energie/,/guides/prix-electricite-communaute-energie/
/en/news/2026/07/20/energy-community-electricity-price/,/en/guides/energy-community-electricity-price/
/de/aktuelles/2026/07/20/strompreis-energiegemeinschaft/,/de/ratgeber/strompreis-energiegemeinschaft/
/nl/nieuws/2026/07/20/prijs-elektriciteit-energiegemeenschap/,/nl/gidsen/prijs-elektriciteit-energiegemeenschap/
/actualites/2026/07/23/facturer-electricite-partagee-belgique/,/guides/facturer-electricite-partagee-belgique/
/en/news/2026/07/23/who-invoices-shared-electricity-belgium/,/en/guides/who-invoices-shared-electricity-belgium/
/de/aktuelles/2026/07/23/geteilten-strom-abrechnen-belgien/,/de/ratgeber/geteilten-strom-abrechnen-belgien/
/nl/nieuws/2026/07/23/gedeelde-elektriciteit-factureren-belgie/,/nl/gidsen/gedeelde-elektriciteit-factureren-belgie/
/actualites/2026/06/03/communaute-energie-reduire-facture-electricite/,/guides/communaute-energie-reduire-facture-electricite/
/en/news/2026/06/03/energy-community-reduce-electricity-bill/,/en/guides/energy-community-reduce-electricity-bill/
/de/aktuelles/2026/06/03/energiegemeinschaft-stromrechnung-senken/,/de/ratgeber/energiegemeinschaft-stromrechnung-senken/
/nl/nieuws/2026/06/03/energiegemeenschap-elektriciteitsfactuur-verlagen/,/nl/gidsen/energiegemeenschap-elektriciteitsfactuur-verlagen/
/actualites/2026/07/25/pourquoi-facture-electricite-reste-elevee-belgique/,/guides/pourquoi-facture-electricite-reste-elevee-belgique/
/en/news/2026/07/25/why-electricity-bill-still-high-belgium/,/en/guides/why-electricity-bill-still-high-belgium/
/de/aktuelles/2026/07/25/warum-stromrechnung-hoch-bleibt-belgien/,/de/ratgeber/warum-stromrechnung-hoch-bleibt-belgien/
/nl/nieuws/2026/07/25/waarom-elektriciteitsfactuur-hoog-blijft-belgie/,/nl/gidsen/waarom-elektriciteitsfactuur-hoog-blijft-belgie/
/actualites/2026/07/28/reduire-facture-electricite-wallonie-2026/,/guides/reduire-facture-electricite-wallonie/
/en/news/2026/07/28/reduce-electricity-bill-wallonia-2026/,/en/guides/reduce-electricity-bill-wallonia/
/de/aktuelles/2026/07/28/stromrechnung-senken-wallonien-2026/,/de/ratgeber/stromrechnung-senken-wallonien/
/nl/nieuws/2026/07/28/elektriciteitsfactuur-verlagen-wallonie-2026/,/nl/gidsen/elektriciteitsfactuur-verlagen-wallonie/
/actualites/2026/07/30/comprendre-facture-electricite-ligne-par-ligne/,/guides/comprendre-facture-electricite-ligne-par-ligne/
/en/news/2026/07/30/read-electricity-bill-belgium/,/en/guides/read-electricity-bill-belgium/
/de/aktuelles/2026/07/30/stromrechnung-lesen-belgien/,/de/ratgeber/stromrechnung-lesen-belgien/
/nl/nieuws/2026/07/30/elektriciteitsfactuur-lezen-belgie/,/nl/gidsen/elektriciteitsfactuur-lezen-belgie/
/actualites/2026/08/03/quel-tarif-electricite-choisir-belgique/,/guides/quel-tarif-electricite-choisir-belgique/
/en/news/2026/08/03/choose-electricity-tariff-belgium/,/en/guides/choose-electricity-tariff-belgium/
/de/aktuelles/2026/08/03/stromtarif-belgien-waehlen/,/de/ratgeber/stromtarif-belgien-waehlen/
/nl/nieuws/2026/08/03/elektriciteitstarief-kiezen-belgie/,/nl/gidsen/elektriciteitstarief-kiezen-belgie/
/actualites/2026/08/05/electricite-moins-chere-sans-changer-de-fournisseur/,/guides/electricite-moins-chere-sans-changer-de-fournisseur/
/en/news/2026/08/05/cheaper-electricity-without-switching-supplier/,/en/guides/cheaper-electricity-without-switching-supplier/
/de/aktuelles/2026/08/05/strom-sparen-ohne-anbieterwechsel/,/de/ratgeber/strom-sparen-ohne-anbieterwechsel/
/nl/nieuws/2026/08/05/goedkopere-stroom-zonder-leverancierswissel/,/nl/gidsen/goedkopere-stroom-zonder-leverancierswissel/
/actualites/2026/08/08/precarite-energetique-wallonie-aides/,/guides/precarite-energetique-wallonie-aides/
/en/news/2026/08/08/energy-poverty-wallonia-support/,/en/guides/energy-poverty-wallonia-support/
/de/aktuelles/2026/08/08/energiearmut-wallonien-hilfen/,/de/ratgeber/energiearmut-wallonien-hilfen/
/nl/nieuws/2026/08/08/energiearmoede-wallonie-steun/,/nl/gidsen/energiearmoede-wallonie-steun/
/actualites/2026/08/22/electricite-verte-belgique-vraiment-verte/,/guides/electricite-verte-belgique-vraiment-verte/
/en/news/2026/08/22/green-electricity-belgium-really-green/,/en/guides/green-electricity-belgium-really-green/
/de/aktuelles/2026/08/22/oekostrom-belgien-wirklich-gruen/,/de/ratgeber/oekostrom-belgien-wirklich-gruen/
/nl/nieuws/2026/08/22/groene-stroom-belgie-echt-groen/,/nl/gidsen/groene-stroom-belgie-echt-groen/
/actualites/2026/08/25/electricite-circuit-court-mode-emploi/,/guides/electricite-circuit-court-mode-emploi/
/en/news/2026/08/25/local-electricity-short-circuit-guide/,/en/guides/local-electricity-short-circuit-guide/
/de/aktuelles/2026/08/25/strom-kurze-wege-anleitung/,/de/ratgeber/strom-kurze-wege-anleitung/
/nl/nieuws/2026/08/25/elektriciteit-korte-keten-handleiding/,/nl/gidsen/elektriciteit-korte-keten-handleiding/
/actualites/2026/08/11/panneaux-solaires-rentables-wallonie-2026/,/guides/panneaux-solaires-rentables-wallonie/
/en/news/2026/08/11/solar-panels-worth-it-wallonia-2026/,/en/guides/solar-panels-worth-it-wallonia/
/de/aktuelles/2026/08/11/solaranlage-rentabel-wallonien-2026/,/de/ratgeber/solaranlage-rentabel-wallonien/
/nl/nieuws/2026/08/11/zonnepanelen-rendabel-wallonie-2026/,/nl/gidsen/zonnepanelen-rendabel-wallonie/
/actualites/2026/08/18/que-faire-surplus-solaire-belgique/,/guides/que-faire-surplus-solaire-belgique/
/en/news/2026/08/18/what-to-do-solar-surplus-belgium/,/en/guides/what-to-do-solar-surplus-belgium/
/de/aktuelles/2026/08/18/solarer-ueberschuss-was-tun-belgien/,/de/ratgeber/solarer-ueberschuss-was-tun-belgien/
/nl/nieuws/2026/08/18/wat-doen-met-je-zonne-overschot-belgie/,/nl/gidsen/wat-doen-met-je-zonne-overschot-belgie/
/actualites/2026/09/12/panneaux-solaires-absent-la-journee/,/guides/panneaux-solaires-absent-la-journee/
/en/news/2026/09/12/solar-panels-away-during-the-day/,/en/guides/solar-panels-away-during-the-day/
/de/aktuelles/2026/09/12/solaranlage-tagsueber-nicht-zu-hause/,/de/ratgeber/solaranlage-tagsueber-nicht-zu-hause/
/nl/nieuws/2026/09/12/zonnepanelen-overdag-niet-thuis/,/nl/gidsen/zonnepanelen-overdag-niet-thuis/
/actualites/2026/09/16/guide-solaire-locataire-sans-toit/,/guides/guide-solaire-locataire-sans-toit/
/en/news/2026/09/16/tenant-solar-without-roof-guide/,/en/guides/tenant-solar-without-roof-guide/
/de/aktuelles/2026/09/16/solar-mieter-ohne-dach-leitfaden/,/de/ratgeber/solar-mieter-ohne-dach-leitfaden/
/nl/nieuws/2026/09/16/zonne-energie-huurder-zonder-dak-gids/,/nl/gidsen/zonne-energie-huurder-zonder-dak-gids/
/actualites/2026/09/22/batterie-domestique-prix-ou-partage-energie/,/guides/batterie-domestique-prix-ou-partage-energie/
/en/news/2026/09/22/home-battery-price-vs-energy-sharing/,/en/guides/home-battery-price-vs-energy-sharing/
/de/aktuelles/2026/09/22/hausbatterie-preis-oder-energieteilen/,/de/ratgeber/hausbatterie-preis-oder-energieteilen/
/nl/nieuws/2026/09/22/thuisbatterij-prijs-of-energiedelen/,/nl/gidsen/thuisbatterij-prijs-of-energiedelen/
/actualites/2026/08/27/partage-energie-copropriete-guide/,/solutions/coproprietes/
/en/news/2026/08/27/energy-sharing-condominium-guide/,/en/solutions/condominiums/
/de/aktuelles/2026/08/27/energie-teilen-mehrparteienhaus/,/de/loesungen/mehrparteienhaeuser/
/nl/nieuws/2026/08/27/energie-delen-appartementsgebouw/,/nl/oplossingen/appartementsgebouwen/
/actualites/2026/09/03/partage-energie-ecole-guide/,/solutions/ecoles/
/en/news/2026/09/03/school-energy-sharing-guide/,/en/solutions/schools/
/de/aktuelles/2026/09/03/energiegemeinschaft-schule-leitfaden/,/de/loesungen/schulen/
/nl/nieuws/2026/09/03/energiedeling-school-gids/,/nl/oplossingen/scholen/
/actualites/2026/08/30/communaute-energie-communale-guide/,/solutions/communes/
/en/news/2026/08/30/municipal-energy-community-guide/,/en/solutions/municipalities/
/de/aktuelles/2026/08/30/energiegemeinschaft-gemeinde-leitfaden/,/de/loesungen/gemeinden/
/nl/nieuws/2026/08/30/energiegemeenschap-gemeenten-gids/,/nl/oplossingen/gemeenten/
/actualites/2026/09/10/partage-energie-agriculteur-hangar-solaire/,/solutions/agriculteurs/
/en/news/2026/09/10/farm-solar-energy-sharing-guide/,/en/solutions/farms/
/de/aktuelles/2026/09/10/energiegemeinschaft-landwirtschaft-leitfaden/,/de/loesungen/landwirtschaft/
/nl/nieuws/2026/09/10/energiedeling-landbouw-gids/,/nl/oplossingen/landbouw/
